meta_award_label,meta_award_label_details,event_year,event_ref,event_alternative,event_type,,place_city,place_country,artwork_ref,artwork_alternative,comments
Mention spéciale du jury ,,2004,,Premières fois,Film Festival,,Grasse,France,,A l'ami imaginé,Pas dans la base de données
2 ème prix Création vidéo,,2004,VidéOformes - Clermont-Ferrand (FR) |code:1027,,Film Festival,,Clermont-Ferrand,France,,Bufferzone,Pas dans la base de données
Jameson short award,,2003,Festival De Clermont-Ferrand - Clermont-Ferrand (FR) |code:1015,,Film Festival,,Clermont-Ferrand,France,,Chamonix,Pas dans la base de données
"Prix IUP métiers du livre et multisupport, Université Blaise Pascal",,2005,VidéOformes - Clermont-Ferrand (FR) |code:1027,,Film Festival,,Clermont-Ferrand,France,,Compétent dans sa branche ,Pas dans la base de données
Meilleur court-métrage,,2004,,Luso-brésilien,Film Festival,,Santa-Maria da Feira,Portugal,,Copan,Pas dans la base de données
1 er prix ,installations sonores,2005,,Concours international de musique et d'art sonore electroaccoustiques,Multimedia festival,,Bourges,France,,Dropper 01,Pas dans la base de données
Grand Prix,,2006,,Cannes,Film Festival,,Cannes,France,,Flandres,Pas dans la base de données
2 ème prix ,,2005,,Biennale de l'image en mouvement ,Film Festival,,Genève,Suisse,,Japon : un pays lointain,Pas dans la base de données
Grand prix du jury ,,2006,Premiers Plans - Angers (FR) |code:921,,Film Festival,,Angers,France,,La Plaine,Pas dans la base de données
Onda Curta Award,,2006,IndieLisboa - Festival international du cinéma indépendant de Lisbonne - Lisboa (PT) |code:1059,,Film Festival,,Lisbonne,Portugal,,La Plaine,Pas dans la base de données
Best director award,,2006,,International student film festival,Film Festival,,Tel-Aviv,Israël,,La Plaine,Pas dans la base de données
Prix spécial du jury ,,2006,,Caen,Short Film Festival,,Caen,France,,La Plaine,Pas dans la base de données
3 ème prix Cinéfondation,,2005,CinéFondation - Cannes (FR) |code:1062,,Film Festival,,Cannes,France,,La Plaine,Pas dans la base de données
Prix Révélation,,2005,Festival EuropéEn Du Film Court De Brest - Brest (FR) |code:1134,,Short Film Festival,,Brest,France,,La Plaine,Pas dans la base de données
Grand Prix fiction,,2003,,Vila do Conde,Film Festival,,Vila do Conde,Portugal,,Le pont n'est plus là ,Pas dans la base de données
Grand prix du court-métrage,court-métrage,2002,,Entrevues,Film Festival,,Belfort,France,,Paul Johnson après sa fuite équatoriale,Pas dans la base de données
Grand prix nouveau média,,2004,Split Film Festival - Split (HR) |code:1119,,Multimedia festival,,Split,Croatie,,Shimmy shimmy grass,Pas dans la base de données
Silver Scales Award (best direction),,2003,,Novo Mesto,Short Film Festival,,Novo Mesto,Slovénie,,Vide pour l'amour,Pas dans la base de données
Prix Edward Steichen ,,2009,,Prix Edward Steichen,Prix annuel ,Mudam,,Luxembourg,,Awards obtenu par Bertille Bak pour l'ensemble de sa carrère,
Grand Prix du jury ,Court-métrage français ,2023,,Champs Elysées Film Festival,Film Festival,,Paris ,France ,Phalène film de Sarah-Anaïs Desbenoit |code:1922,,
Grand prix du jury,Catégorie court métrage ,2023,,STLOUIS'DOCS,International Documentary Film Festival,,Saint Louis ,Sénégal,Achewiq - Le chant des femmes courage film de Elina Kastler |code:1899,,
Prix du jury ,,2023,,Festival du film de Dakhla,Film Festival,,Dakhla ,Sahara Occidental,75 000 $ film de Moïse Togo |code:1333,,
,Dwarves Category,2023,,Wench Film Festival ,Film Festival,,Mumbai,Inde ,Growing film de Agata Wieczorek |code:1857,,
Honorary mention,New Animation Art ,2023,Ars Electronica - Linz (AT) |code:1100,,Gala ,,Linz ,Autriche ,Le mal des ardents installation de Alice Brygo |code:1932,,
Best experimental   ,Best Southeast Asian Short Film ,2022,,GUFA - Global University Film Awards,,,Hong-Kong,Chine,75 000 $ film de Moïse Togo |code:1333,,
Gold Award,,2022,,GUFA - Global University Film Awards,,,Hong-Kong,Chine ,75 000 $ film de Moïse Togo |code:1333,,
Prix d'encouragement,Compétition Internationale ,2022,Winterthur - Winterthur (CH) |code:1128,,Internation Film Festival,,Winterthur ,Suisse ,Bleu silico film de Julia Borderie & Éloïse Le Gallo |code:1904,,
Best Film Award and Best Cinematography Award,Opus Bonum competition,2022,Jihlava - Jihlava (CZ) |code:1112,,International Documentary Film Festival ,,Ji.hlava,République Tchèque ,7h15 - merle noir film de Judith Auffray |code:1870,,
Prix Tënk,,2022,Fipa - Biarritz (FR) |code:1010,,International Documentary Film Festival,,Biarritz ,France ,Sur tes cendres film de Joachim Michaux |code:1884,,
Award Best Documentary Short Film,,2022,,Crossing the Screen ,International Film Festival,,Eastbourne ,Royaume-Uni,75 000 $ film de Moïse Togo |code:1333,,
Norman fort Best Short Film,International Short Film Competition ,2022,Stuttgarter Filmwinter - Stuttgart (DE) |code:1025,,,,Stuttgart,Allemagne,One thousand and one attempts to be an ocean film de Yuyan Wang |code:1337,,
Mention spéciale du jury universitaire ,Courts métrages ,2022,Films De Femmes - CréTeil (FR) |code:1026,,Festival International,,Créteil,France ,#31# film de Ghyzlène Boukaïla |code:1879,,
Prix de la ville de Clermont-Ferrand ,,2022,VidéOformes - Clermont-Ferrand (FR) |code:1027,,Film Festival,,Clermont-Ferrand,France ,Love & Revenge film de Anhar Salem |code:1881,,
Mention du jury étudiant ,,2022,VidéOformes - Clermont-Ferrand (FR) |code:1027,,Film Festival,,Clermont-Ferrand,France ,Love & Revenge film de Anhar Salem |code:1881,,
Prix du jury ,,2022,,Prix ICART Artistique Rezo ,Gala ,Fluctuart ,Paris ,France ,"Anba tè, adan kò installation de Magalie Mobetie |code:1866",,
Prix du meilleur court métrage ,,2022,,FIFA - Festival International Film sur l'Art,International Film Festival,,Montréal,Canada,Yollotl film de Fernando Colin Roque |code:1291,,
Best documentary award,,2022,,Kaboom Animation Festival ,Animation Film Festival,,Amsterdam,Pays-Bas,SCUM MUTATION film de Ov |code:1322,,
Award for Best International Film ,,2022,Ann Arbor - Ann Arbor (US) |code:1034,,Film Festival,,Ann Arbor ,USA,Contraindre film de fleuryfontaine |code:1299,,
Mention d'honneur du jury ,,2022,VidéOformes - Clermont-Ferrand (FR) |code:1027,,Film Festival,,Clermont-Ferrand,France,Contraindre film de fleuryfontaine |code:1299,,
Best Short Film ,Officielle ,2022,,Las Palmas ,International Film Festival,,Las Palmas,Espagne ,Curupira et la machine du destin film de Janaina Wagner |code:1851,,
Alberto Signetto Special Award for the best DocuShort,,2022,,Skepto  ,International Film Festival,,Cagliari ,Italie,VO film de Nicolas Gourault |code:1304,,
Tënk Award ,,2022,Visions Du RéEl - Nyon (CH) |code:1049,,Film Festival,,Nyon ,Suisse ,Le cercle vide film de Stéphanie Roland |code:1844,,
Best ExtraWorks FIlm ,ExtraWorks competition ,2022,,Working Title ,Fi$,,Vicenza,Italie,VO film de Nicolas Gourault |code:1304,,
Best Short Film Award ,Short film ,2022,,Flatpack,Film Festival,,Birmingham ,Royaume-Uni,VO film de Nicolas Gourault |code:1304,,
Silver Lynx Experimental Award ,Silver Lynx Experimental Short Film ,2022,,Fest New Directors New Films ,,,Espinho ,Portugal,Le cercle vide film de Stéphanie Roland |code:1844,,
Young talent award,Short film ,2021,,Netzhaut Ton,Film Festival,,Wiener Neustadt,Autriche ,One thousand and one attempts to be an ocean film de Yuyan Wang |code:1337,,
Young Jury award,Pesaro Nuovo Cinema Competition ,2021,,Pesaro,Film Festival,,Pesaro ,Italie ,One thousand and one attempts to be an ocean film de Yuyan Wang |code:1337,,
Prix Alice Guy ,Flash Competition ,2021,Festival International De CinéMa De Marseille - Marseille (FR) |code:1086,,International Film Festival,,Marseille,France,Podesta Island film de Stéphanie Roland |code:1327,,
Mention spéciale ,officielle ,2021,,Moscow International Experimental Film Festival ,,,Moscou,Russie,One thousand and one attempts to be an ocean film de Yuyan Wang |code:1337,,
Prix Révélation Art numérique - Art vidéo ADAGP,,2021,,Prix Panorama 23,Gala ,Le Fresnoy ,Tourcoing ,France ,Love & Revenge film de Anhar Salem |code:1881,,
Prix Around Video Art Fair ,,2021,,Prix Panorama 23,Gala ,Le Fresnoy ,Tourcoing ,France ,Love & Revenge film de Anhar Salem |code:1881,,
Prix Analix Forever ,,2021,,Prix Panorama 23,Gala ,Le Fresnoy ,Tourcoing ,France ,Growing film de Agata Wieczorek |code:1857,,
Prix Installation des Amis du Fresnoy ,,2021,,Prix Panorama 23,Gala ,Le Fresnoy ,Tourcoing ,France ,"Anba tè, adan kò installation de Magalie Mobetie |code:1866",,
Prix vidéo des Amis du Fresnoy ,,2021,,Prix Panorama 23,Gala ,Le Fresnoy ,Tourcoing ,France ,Curupira et la machine du destin film de Janaina Wagner |code:1851,,
Best film award ,European School FIlm Competition ,2021,,Queer Lisboa,,,Lisbonne,Portugal,SCUM MUTATION film de Ov |code:1322,,
Mention honorable  ,International Experimental ,2021,,Equinoxio ,Film Festival,,Bogota ,Colombie,Contraindre film de fleuryfontaine |code:1299,,
Best experimental film award ,officielle expérimentale ,2021,,Guanajuato,International Film Festival,,Guanajuato,Mexique ,One thousand and one attempts to be an ocean film de Yuyan Wang |code:1337,,
Audience award,interational competition ,2021,25 Fps - Zagreb (HR) |code:1097,,International Experimental Film Festival ,,Zagreb,Croatie,One thousand and one attempts to be an ocean film de Yuyan Wang |code:1337,,
Golden Nica ,Computer Animation ,2021,Ars Electronica - Linz (AT) |code:1100,,Gala,Ars Electronica ,Linz ,Autriche ,When the sea sends forth a forest film de Guangli Liu |code:1316,,
Mention honorable  ,Computer Animation,2021,Ars Electronica - Linz (AT) |code:1100,,Gala ,Ars Electronica ,Linz ,Autriche ,75 000 $ film de Moïse Togo |code:1333,,
Prix de l'oeuvre expérimentale de la Scam ,,2021,,Prix Scam ,Gala ,Scam ,Paris ,France ,75 000 $ film de Moïse Togo |code:1333,,
Mention spéciale ,Short experimental,2021,,Fest New Directors New Films ,,,Espinho ,Portugal,One thousand and one attempts to be an ocean film de Yuyan Wang |code:1337,,
Mention spéciale ,International Short Film Competition ,2021,,Riga International Film Festival ,International Film Festival,,Riga ,Lettonie ,Pneuma film de Fanny Béguély |code:1283,,
Prix France 3 Libre Court ,,2021,Festival Tous Courts - Aix-En-Provence (FR) |code:1135,,Film Festival,,Aix-en-Provence,France ,SCUM MUTATION film de Ov |code:1322,,
zweiB award - Best animated film ,International competition,2021,Munich Filmfest - Munich (DE) |code:1130,FilmschoolFest ,Film Festival,,Munich,Allemagne,SCUM MUTATION film de Ov |code:1322,,
Best short film + Best experimental ,,2021,,Golden Harvest Film Festival ,Film Festival,en ligne ,,,Podesta Island film de Stéphanie Roland |code:1327,,
Best Southeast Asian Film ,,2021,,Singapore International Film Festival ,International Film Festival,,Singapour,Singapour,Les Attendants film de Quý Trương Minh |code:1324,,
Hijack Visionary Filmmaker Award & Best Editing Award,Documentary Competition ,2021,,Aesthetica ,Short Film Festival,,York ,Royaume-Uni,One thousand and one attempts to be an ocean film de Yuyan Wang |code:1337,,
Grand Prix du jury ,,2021,,Festival du Film Court de Villeurbanne ,Short Film Festival,,Villeurbanne ,France ,VO film de Nicolas Gourault |code:1304,,
Mention spéciale au Prix émergences ,,2021,,Scam*,Gala ,Cent-Quatre,Paris ,France ,They Dream in My Bones installation de Faye Formisano |code:1865,,
Prix émergences ,,2021,,Scam*,Gala ,Cent-Quatre,Paris ,France ,VO film de Nicolas Gourault |code:1304,,
Mention spéciale,Expanded Shorts ,2021,,This Human World ,International Human Rights Film Festival ,,Vienne ,Autriche ,One thousand and one attempts to be an ocean film de Yuyan Wang |code:1337,,
Mention spéciale ,Courts métrages ,2021,,Festival International du Film Documentaire de St Louis ,,,Saint-Louis ,Sénégal ,75 000 $ film de Moïse Togo |code:1333,,
Prix du meilleur court métrage ,Court métrage ,2021,,Festival International du Film de Bruxelles,International Film Festival,,Bruxelles,Belgique ,"Gwacoulou, Le foyer traditionnel film de Moïse Togo |code:1204",,
Best Film,,2020,Stuttgarter Filmwinter - Stuttgart (DE) |code:1025,,Film Festival,,Stuttgart,Allemagne,Omarska film de Varun Sasindran |code:855,,
Best film,,2020,,Minimalen,Short Film Festival,,Trondheim,Norvège,Swatted film de Ismaël Joffroy Chandoutis |code:842,,
Best international short film Award,,2020,Short Waves - Poznan (PL) |code:1037,,International Film Festival,,Poznan ,Pologne ,This Means More film de Nicolas Gourault |code:1186,,
Best Animation Award ,,2020,IndieLisboa - Festival international du cinéma indépendant de Lisbonne - Lisboa (PT) |code:1059,,International Film Festival,,Lisbonne,Portugal,This Means More film de Nicolas Gourault |code:1186,,
Mention spéciale du jury,Yellow Robin,2019,,Curaçao ,International Film Festival,,Rotterdam,Pays-Bas,En Cendres film de Camila Rodríguez Triana |code:854,,
Prix Emergences,,2019,,Scam*,Gala,Cent-Quatre,Paris,France,Swatted film de Ismaël Joffroy Chandoutis |code:842,,
Prix special du jury ,Labo,2019,Festival De Clermont-Ferrand - Clermont-Ferrand (FR) |code:1015,,Film Festival,,Clermont-Ferrand,France,Swatted film de Ismaël Joffroy Chandoutis |code:842,,
Grand prix du jury ,Labo,2019,Festival De Clermont-Ferrand - Clermont-Ferrand (FR) |code:1015,,Film Festival,,Clermont-Ferrand,France,Last year when the train passed by film de Pang-Chuan Huang |code:838,,
Mention spéciale du jury,,2019,Berlinale - Berlin (DE) |code:1017,,Film Festival,,Berlin,Allemagne,Omarska film de Varun Sasindran |code:855,,
Grand Prix meilleur film,,2019,Punto De Vista - Navarra (ES) |code:1038,,International Documentary Film Festival,,Pampelune,Espagne,Una Luna de Hierro film de Francisco Rodriguez |code:785,,
Prix Doc Lounge,documentaire,2019,,Sundsvall Film Fest ,Film Festival,,Sundsvall,Suède,Swatted film de Ismaël Joffroy Chandoutis |code:842,,
Mention spéciale du jury,documentaire,2019,Regard - Saguenay (CA) |code:1047,,Film Festival,,Saguenay,Canada,Swatted film de Ismaël Joffroy Chandoutis |code:842,,
Prix du jury professionnel ,,2019,VidéOformes - Clermont-Ferrand (FR) |code:1027,,Multimedia festival,,Clermont-Ferrand,France,Swatted film de Ismaël Joffroy Chandoutis |code:842,,
Prix du jury ,,2019,,Chalon tout court,Short Film Festival,,Châlon-sur-Saône,France,Swatted film de Ismaël Joffroy Chandoutis |code:842,,
Mention spéciale du jury,,2019,,Kiev,Short Film Festival,,Kiev,Ukraine,Omarska film de Varun Sasindran |code:855,,
Best short documentary,,2019,,Rincon,International Film Festival,,Rincon,Porto Rico ,Swatted film de Ismaël Joffroy Chandoutis |code:842,,
Best short documentary,,2019,IndieLisboa - Festival international du cinéma indépendant de Lisbonne - Lisboa (PT) |code:1059,,Film Festival,,Lisbonne,Portugal,Swatted film de Ismaël Joffroy Chandoutis |code:842,,
"Mention honorable, meilleur court-métrage documentaire",,2019,Norwegian Short Film Festival  - Grimstad (NO) |code:1082,,Short Film Festival,,Grimstad,Norvège,Swatted film de Ismaël Joffroy Chandoutis |code:842,,
Prix Phil Solomon,,2019,,Chicago Underground,Film Festival,,Chicago,Etats-Unis,Swatted film de Ismaël Joffroy Chandoutis |code:842,,
Meilleur montage,,2019,,L'Acharnière,Film Festival,,Lille,France,Last year when the train passed by film de Pang-Chuan Huang |code:838,,
Edward Snowden Award,,2019,,Signes de Nuit,Film Festival,,,Thailande,Swatted film de Ismaël Joffroy Chandoutis |code:842,,
Best short documentary,,2019,,GIFF,International Film Festival,,Guanajuto,Mexique,Swatted film de Ismaël Joffroy Chandoutis |code:842,,
Prix du jury ,multimédia,2019,,FLIP,Multimedia festival,,Parthenay,France,Plague installation de Damien Jibert |code:841,,
Best Film,My shorts competion,2019,,Queer Lisboa,,,Lisbonne,Portugal,Constanza film de Melisa Liebenthal |code:844,,
Honorary distinction for best sound design,,2019,,Greek Short,Film Festival,,Drama,Grèce,Sable noir film de Thanasis Trouboukis |code:861,,
Best documentary,,2019,,Smalls ,Film Festival,,Londres,Royaume-Unis,Swatted film de Ismaël Joffroy Chandoutis |code:842,,
Best documentary,competition internationale ,2019,,Eureka University ,Film Festival,,Bogota,Colombie,Swatted film de Ismaël Joffroy Chandoutis |code:842,,
Silver Sand Award,,2019,,La Ciotat Film Festival - Best Of,International Film Festival,Cinéma l'Eden,La Ciotat,France,Swatted film de Ismaël Joffroy Chandoutis |code:842,,
Mention spéciale du jury,,2019,,Animatou,International Animation Festival,,Genève,Suisse,Swatted film de Ismaël Joffroy Chandoutis |code:842,,
Mention spéciale du jury,short film ,2019,,Kaohsiung,Film Festival,,Kaohsiung,Taïwan,Swatted film de Ismaël Joffroy Chandoutis |code:842,,
Best documentary,compétition internationale ,2019,,Chypre,Short Film Festival,,Nicosie,Chypre,Swatted film de Ismaël Joffroy Chandoutis |code:842,,
Best documentary,,2019,Sapporo Short Film Festival - Sapporo (JP) |code:1068,,Short Film Festival,,Sapporo,Japon,Swatted film de Ismaël Joffroy Chandoutis |code:842,,
New Talent (seconde position),,2019,,Wiesbaden,International Animation Festival,,Wiesbaden,Allemagne,Swatted film de Ismaël Joffroy Chandoutis |code:842,,
Best Directing Award,,2019,Bieff - Bucarest (RO) |code:1030,,Experimental Film Festival,,Bucarest,Roumanie,Swatted film de Ismaël Joffroy Chandoutis |code:842,,
Young jury award,,2019,,Front Doc. ,International Documentary Film Festival,,Aoste,Italie,Swatted film de Ismaël Joffroy Chandoutis |code:842,,
Student jury award,documentaire,2019,,Blue Danube ,Film Festival,,Vienne,Autriche ,Swatted film de Ismaël Joffroy Chandoutis |code:842,,
Best short film,,2019,,LIFF,Film Festival,,Llubjana,Slovénie,Last year when the train passed by film de Pang-Chuan Huang |code:838,,
Best international short film,,2018,,London Short,Short Film Festival,,Londres,Royaume-Unis,Retour film de Pang-Chuan Huang |code:764,,
Prix Festival Connexion Auvergne Rhône-Alpes,,2018,Festival De Clermont-Ferrand - Clermont-Ferrand (FR) |code:1015,,Short Film Festival,,Clermont-Ferrand,France,Ondes noires film de Ismaël Joffroy Chandoutis |code:770,,
Mention spéciale du jury,,2018,,TIDF,International Documentary Film Festival,,Taipei,Taïwan,Retour film de Pang-Chuan Huang |code:764,,
Grand Prix,Labo,2018,Festival De Clermont-Ferrand - Clermont-Ferrand (FR) |code:1015,,Film Festival,,Clermont-Ferrand,France,Retour film de Pang-Chuan Huang |code:764,,
Second prix,premiers films documentaire,2018,,Rencontres du cinéma européen,Film Festival,,Vannes,France,Retour film de Pang-Chuan Huang |code:764,,
Meilleur court-métrage latino-américain,,2018,Huesca - Huesca (ES) |code:1081,,Short Film Festival,,Huesca,Espagne ,Una Luna de Hierro film de Francisco Rodriguez |code:785,,
Prix du film off-limits,,2018,Festival Et Marché International Du Film D'Annecy - Annecy (FR) |code:1072,,Film Festival,,Annecy,France,An Excavation of Us film de Shirley Bruno |code:749,,
Mention honorable ,,2018,Kurzfilm Festival Hamburg - Hamburg (DE) |code:1073,,Film Festival,,Hambourg,Allemagne,Una Luna de Hierro film de Francisco Rodriguez |code:785,,
Mention honorable,,2018,Ars Electronica - Linz (AT) |code:1100,,Film Festival,,Linz,Autriche ,An Excavation of Us film de Shirley Bruno |code:749,,
Meilleur court-métrage ,jury étudiant,2018,,War on screen,Film Festival,,Châlon-en-Champagne,France,Retour film de Pang-Chuan Huang |code:764,,
"Second, prix de Taïwan",,2018,,Kaohsiung,Film Festival,,Kaohsiung,Taïwan,Retour film de Pang-Chuan Huang |code:764,,
Best documentary,,2018,,GZDOC,International Documentary Film Festival,,Guangzhou,Chine,Ondes noires film de Ismaël Joffroy Chandoutis |code:770,,
Prix de la ville de Regensburg,,2018,,Regensburg,Film Festival,,Regensburg,Allemagne,Ondes noires film de Ismaël Joffroy Chandoutis |code:770,,
Grand Prix ,,2018,Poitiers Films Festival - Poitiers (FR) |code:1162,,Film Festival,,Poitiers,France,All movements should kill the wind film de Yuyan Wang |code:1211,,
Grand prix du public,,2017,,Monde en images,Film Festival,,Cucuron,France,Âhlé Hava - Les habitants du vent film de Abtin Sarabi |code:562,,
Mention spéciale du jury,,2017,,RISC,Film Festival,,Marseille,France,Ciudad Maya film de Andrés Padilla Domene |code:680,,
Mention honorable ,,2017,VidéObrasil - Sao Paulo (BR) |code:1114,,Film Festival,,Sao Paulo,Brésil,Ciudad Maya film de Andrés Padilla Domene |code:680,,
Prix de la danse avec caméra,,2017,Short Waves - Poznan (PL) |code:1037,,Short Film Festival,,Poznan,Pologne,TACT film de Thibaud Le Maguer |code:676,,
Mention spéciale du jury,,2017,Palm Springs - Palm Springs (US) |code:1075,,Film Festival,,Palm Spring,Etats-Unis,"I made you, I kill you film de Alexandru Petru Bǎdelițǎ |code:658",,
Prix de l'innovation,,2017,,L'Acharnière,Film Festival,,Lille,France,"I made you, I kill you film de Alexandru Petru Bǎdelițǎ |code:658",,
Grand prix art vidéo,,2017,CôTé Court - Pantin (FR) |code:1071,,Short Film Festival,,Pantin,France,TACT film de Thibaud Le Maguer |code:676,,
Prix du public,,2017,Bieff - Bucarest (RO) |code:1030,,Film Festival,,Bucarest,Roumanie,"I made you, I kill you film de Alexandru Petru Bǎdelițǎ |code:658",,
Meilleur court-métrage,,2017,,IBAFF,Film Festival,,Murcia,Espagne,Le Park film de Randa Maroufi |code:587,,
Videonale Award,fluentum collection,2017,,Videonale,Film Festival,,Bonn,Allemagne,Le Park film de Randa Maroufi |code:587,,
Meilleur court-métrage,,2016,,RIDM,International Documentary Film Festival,,Montréal,Canada,Isabella Morra film de Isabel Pagliai |code:574,,
Mention spécial,,2016,Iffr - Rotterdam (NL) |code:1008,,Film Festival,,Rotterdam,Pays-Bas,Le Park film de Randa Maroufi |code:587,,
Mention spéciale du jury (photographie),,2016,Festival De Clermont-Ferrand - Clermont-Ferrand (FR) |code:1015,,Short Film Festival,,Clermont-Ferrand,France,Isabella Morra film de Isabel Pagliai |code:574,,
Mention honorable,Urban View,2016,Short Waves - Poznan (PL) |code:1037,Short Waves,Short Film Festival,,Poznan,Pologne,Le Park film de Randa Maroufi |code:587,,
Meilleur court-métrage,,2016,,DOKer,International Documentary Film Festival,,Moscou,Russie,Isabella Morra film de Isabel Pagliai |code:574,,
Prix du dialogue,,2016,Emaf - Osnabruck (DE) |code:955,,Multimedia festival,,Osnabruck,Allemagne,Le Park film de Randa Maroufi |code:587,,
Mention spéciale du jury,,2016,Film Fest Dresden - Dresden (DE) |code:1053,,Short Film Festival,,Dresden,Allemagne,Le Park film de Randa Maroufi |code:587,,
best student film,experimental,2016,,ShortCut,Short Film Festival,,Bucarest,Roumanie,Laughter Far Away film de Ewan Golder |code:669,,
Prix de la mise en scène,,2016,,L'Acharnière,Film Festival,,Lille,France,Reisende auf einem Bein film de Alexandru Petru Bǎdelițǎ |code:569,,
Prix Renard pour la bande sonore,,2016,CôTé Court - Pantin (FR) |code:1071,,Short Film Festival,,Pantin,France,Isabella Morra film de Isabel Pagliai |code:574,,
Prix de l'innovation,,2016,,L'Acharnière,Film Festival,,Lille,France,Cuisine Américaine film de Justine Pluvinage |code:570,,
Meilleur court-métrage,,2016,,Du Cinéma sous les étoiles,Film Festival,,Lyon,France,Isabella Morra film de Isabel Pagliai |code:574,,
meilleur film expérimental ,,2016,,Tabor,Film Festival,Châeau de Tabor,Tabor,Croatie,Le Park film de Randa Maroufi |code:587,,
Meilleur court-métrage,,2016,,Toko Film,Film Festival,,,Italie,Le Park film de Randa Maroufi |code:587,,
Mention spéciale,,2016,,Dokufest,International Documentary Film Festival,,Priznen,Kosovo,Le Park film de Randa Maroufi |code:587,,
Prix du Jury,,2016,,La Nuit de l'Instant,Multimedia festival,,Marseille,France,Le Park film de Randa Maroufi |code:587,,
Mention spéciale du jury,,2016,,Message to man,Film Festival,,Saint-Petersbourg,Russie,Isabella Morra film de Isabel Pagliai |code:574,,
Mention spéciale EcoFilm,,2016,,Rural Film Fest,Film Festival,,El Eden de la Mancha,Espagne,Focus on Infinity film de Mathilde Lavenne |code:584,,
Prix Ars,computer animation,2016,,CyberArts,Multimedia festival,,,,Tehran-Geles film de Arash Nassiri |code:29,,
Prix Talents contemporains,,2016,,Fondation Schneider,Fondation,,,France,Focus on Infinity film de Mathilde Lavenne |code:584,,
Grand Prix ,,2016,,RISC,Film Festival,,Marseille,France,"I made you, I kill you film de Alexandru Petru Bǎdelițǎ |code:658",,
Prix de l'innovation,,2016,,FIDEC,Film Festival,,Tétouan,Maroc,Ciudad Maya film de Andrés Padilla Domene |code:680,,
Mention spéciale ,documentaire,2016,Bogota Short Film Fest - Bogota (CO) |code:1120,,Short Film Festival,,Bogota,Colombie,Isabella Morra film de Isabel Pagliai |code:574,,
Prix spécial du ministère,,2016,,GISFF,Film Festival,,Téhéran,Iran,Focus on Infinity film de Mathilde Lavenne |code:584,,
Meilleur court-métrage,,2016,,Short the point ,Film Festival,,,Roumanie,Isabella Morra film de Isabel Pagliai |code:574,,
Prix du jury,,2015,,FIDEC,Film Festival,,Tétouan,Maroc,Chaque fois qu’on se dit au revoir film de Chao Liang |code:586,,
meilleur film expérimental ,,2015,,Cinemaiubit,Film Festival,,Bucarest,Roumanie,Le Park film de Randa Maroufi |code:587,,
Best creative short,,2015,,Cervantes Award,Prix annuel ,Ministère de la culture,Madrid,Espagne,Le Park film de Randa Maroufi |code:587,,
Prix jeune talent numérique,,2015,,Scam*,Gala,Cent-Quatre,Paris,France,Cuisine Américaine film de Justine Pluvinage |code:570,,
Premio Under 35,,2015,InvidéO - Milan (IT) |code:1143,,Film Festival,,Milan,Italie,Céos | Phoébé film de David Rodes |code:564,,
Meilleur film,Compétition nationale,2015,,Festival du court métrage indépendant ,Short Film Festival,,Vienne,Autriche ,"Of stains, scrap and tires film de Sebastian Brameshuber |code:5",,
Meilleur film,,2015,Punto De Vista - Navarra (ES) |code:1038,,Film Festival,,Pampelune,Espagne,Echo chamber film de Guillermo Moncayo |code:17,,
Prix du jury ,jeune court-métrage,2015,,Biarritz Amérique latine,Film Festival,,Biarritz,France,Echo chamber film de Guillermo Moncayo |code:17,,
Prix jeune talent numérique,,2015,,Scam*,Gala,Cent-Quatre,Paris,France,Howto film de Elisabeth Caravella |code:4,,
RMIT University award,experimental short film,2015,Miff - Melbourne (AU) |code:1093,,Film Festival,,Melbourne ,Australie,Tehran-Geles film de Arash Nassiri |code:29,,
Prix université Blaise Pascal,,2015,VidéOformes - Clermont-Ferrand (FR) |code:1027,,Film Festival,,Clermont-Ferrand,France,Tehran-Geles film de Arash Nassiri |code:29,,
Mention spéciale Format Court,,2015,Festival EuropéEn Du Film Court De Brest - Brest (FR) |code:1134,,Film Festival,,Brest,France,"Archipels, granites dénudés film de Daphné Hérétakis |code:12",,
Prix du jury,,2015,Hiroshima Film Festival - Hiroshima (JP) |code:1151,,Film Festival,,Hiroshima,Japon,"Archipels, granites dénudés film de Daphné Hérétakis |code:12",,
Meilleur court-métrage,,2015,,PAFF,Film Festival,,Pancevo,Serbie,"Archipels, granites dénudés film de Daphné Hérétakis |code:12",,
Mention spéciale du jury,,2015,,AIFF,Film Festival,,Athènes,Grèce,"Archipels, granites dénudés film de Daphné Hérétakis |code:12",,
Meilleur court métrage,,2014,,PAFF,Film Festival,,Pancevo,Serbie,La grenouille et dieu film de Alice Furtado |code:497,,
Igong - new artist ,,2014,,Seoul media,Multimedia festival,,Séoul,Corée du Sud,Gli immacolati film de Ronny Trocker |code:522,,
Prix jeune talent numérique,,2014,,Scam*,Gala,Cent-Quatre,Paris,France,Gli immacolati film de Ronny Trocker |code:522,,
Prix spécial du jury,première création,2014,,Pointdoc,International Documentary Film Festival,,,Espagne,La mariée film de Joel Curtz |code:476,,
Mention spéciale du jury,,2014,,2Annas,Film Festival,,Riga,Lettonie,Gli immacolati film de Ronny Trocker |code:522,,
Renard d'argent ,,2014,,Semaine du cinéma du bureau des Arts de Science Po,Film Festival,,Paris,France,Ce qui me fait prendre le train film de Pierre Mazingarbe |code:509,,
Meilleur court-métrage,,2014,,Rencontres internationales sciences et cinéma ,Film Festival,,Marseille,France,Tehran-Geles film de Arash Nassiri |code:29,,
Coup de cœur Arte creative,,2014,VidéOformes - Clermont-Ferrand (FR) |code:1027,,Film Festival,,Clermont-Ferrand,France,Lecedra film de Jivko Darakchiev |code:440,,
Best student short (deuxième),,2014,Palm Springs - Palm Springs (US) |code:1075,,Short Film Festival,,Palm Springs,Etats-Unis,Gli immacolati film de Ronny Trocker |code:522,,
Videobrasil residency price,,2014,VidéObrasil - Sao Paulo (BR) |code:1114,,Prix annuel ,,Sao Paulo,Brésil,Tomo film de Bakary Diallo |code:442,,
Mention spéciale du jury ,film étudiant ,2014,,Bruz,International Animation Festival,,Rennes,France,Gli immacolati film de Ronny Trocker |code:522,,
Lenzing Award (bronze),,2014,,Festival of nations,Film Festival,,Lenzing,Autriche ,Killing a pig without Mao film de Zhenqian Huang |code:504,,
New Amerika price,,2014,,Szczecin European,Film Festival,,Szczecin,Pologne,Gli immacolati film de Ronny Trocker |code:522,,
Artistic contribution award,,2014,,Olhar de Cinema,Film Festival,,Curitiba,Brésil,Que je tombe tout le temps ? film de Eduardo Williams |code:524,,
Mention spéciale du jury ,,2014,,Fresh Film Fest,Film Festival,,Prague,République-Tchèque,Gli immacolati film de Ronny Trocker |code:522,,
Prix spécial du jury,,2014,,Regards au Longs-Courts,Film Festival,,Trouville ,France,Gli immacolati film de Ronny Trocker |code:522,,
Premio Under 35,,2014,InvidéO - Milan (IT) |code:1143,,Film Festival,,Milan,Italie,Une vie radieuse film de Meryll Hardt |code:500,,
Prix du public,,2014,,Regards au Longs-Courts,Film Festival,,Trouville ,France,La mariée film de Joel Curtz |code:476,,
Silver plaque,,2014,Chicago International Film Festival - Chicago (US) |code:1065,,Film Festival,,Chicago,Etats-Unis,Gli immacolati film de Ronny Trocker |code:522,,
Prix du jury presse,,2014,,Les Enfants terribles,Film Festival,,Huy,Belgique,Tehran-Geles film de Arash Nassiri |code:29,,
Best animation,,2014,,Kurzundschön,Short Film Festival,,,Allemagne,Gli immacolati film de Ronny Trocker |code:522,,
Norberto Griffa de la création audiovisuelle,,2014,,Bienal de la imagen en movimiento ,Film Festival,,Buenos Aires,Argentine,Aequador film de Laura Huertas Millan |code:452,,
Meilleure actrice ,,2014,,PAFF,Film Festival,,Pancevo,Serbie,La grenouille et dieu film de Alice Furtado |code:497,,
Prix du jury,,2014,,Fémina,Film Festival,,Rio,Brésil,A idade da pedra film de Ana Vaz |code:523,,
Prix du jury lycéen,,2014,Poitiers Films Festival - Poitiers (FR) |code:1162,,Film Festival,,Poitiers,France,Tehran-Geles film de Arash Nassiri |code:29,,
Prix de la Ville ,,2013,VidéOformes - Clermont-Ferrand (FR) |code:1027,,Film Festival,,Clermont-Ferrand,France,Sing under film de Jung Hee Seo |code:467,,
Shine short,,2013,,Bradford,Film Festival,,Bradford,Royaume-Unis,Quatro horas descalço film de Ico Costa |code:438,,
Prix des cinéphiles,,2013,,Recontres cinématographiques,Film Festival,,Digne-les-Bains,France,Jeanne film de Dania Reymond |code:464,,
Young talent award,,2013,Munich Filmfest - Munich (DE) |code:1130,,Film Festival,,Munich,Allemagne,Ce qui me fait prendre le train film de Pierre Mazingarbe |code:509,,
Prix du jury ,,2013,,Eurydice,Film Festival,,Fécamp,France,Ce qui me fait prendre le train film de Pierre Mazingarbe |code:509,,
Meilleur film expérimental ,,2012,,Riviera Maya Underground,Film Festival,,Playa del Carmen,Mexique ,"La Bibliothèque, la nuit film de Joao Vieira Torres |code:410",,
Grand Prix ,,2012,Ca Foscari - Venise (IT) |code:1041,,Film Festival,,Venise,Italie,Le jour où le fils de Raïner s’est noyé film de Aurélien Vernhes-Lermusiaux |code:409,,
Prix des étudiants d'Angers,,2012,Premiers Plans - Angers (FR) |code:921,,Film Festival,,Tremblay,France,Fireworks film de Giacomo Abbruzzese |code:380,,
Mention spéciale ,,2012,,Cinéma et droits humains,Film Festival,,Paris,France,Manque de preuves film de Hayoun Kwon |code:396,,
Best short film,,2012,,Toronto Reel Asian ,Film Festival,,Toronto ,Canada,Manque de preuves film de Hayoun Kwon |code:396,,
Prix des nouvelles écritures,,2012,,Cutlog,Gala,,Paris,France,Manque de preuves film de Hayoun Kwon |code:396,,
Meilleur documentaire,,2012,,Festival du court métrage de Lille,Short Film Festival,,Lille,France,Manque de preuves film de Hayoun Kwon |code:396,,
Mention spéciale,,2012,,Chypre,Short Film Festival,,Nicosie,Chypre,Manque de preuves film de Hayoun Kwon |code:396,,
Meilleur documentaire,,2012,,Curtocircuito,Short Film Festival,,Saint-Jaques de Compostelle,Espagne,Manque de preuves film de Hayoun Kwon |code:396,,
EMAF ,,2012,Emaf - Osnabruck (DE) |code:955,,Multimedia festival,,Osnabruck,Allemagne,Manque de preuves film de Hayoun Kwon |code:396,,
Ken Burns Award,,2012,Ann Arbor - Ann Arbor (US) |code:1034,,Film Festival,,Ann Arbor,Etats-Unis,Manque de preuves film de Hayoun Kwon |code:396,,
Grand Prix,,2012,VidéOformes - Clermont-Ferrand (FR) |code:1027,,Film Festival,,Clermont-Ferrand,France,Deuxième bureau film de Lixin Bao |code:383,,
"Prix du court-métrage ""ado""",,2012,,Ciné-jeune,Film Festival,,Laon,France,Fireworks film de Giacomo Abbruzzese |code:380,,
Prix du jury professionnel ,,2012,,Terra du Cinéma,Film Festival,,Tremblay,France,Fireworks film de Giacomo Abbruzzese |code:380,,
Meilleure fiction,,2012,,Recontres cinéma-nature,Film Festival,,Dompierre-sur-Besbre,France,Fireworks film de Giacomo Abbruzzese |code:380,,
Meilleure réalisation,,2012,,Bibienna,Film Festival,,Bibienna,Italie,Fireworks film de Giacomo Abbruzzese |code:380,,
Mention honorifique,,2012,,Santa Maria da Feira,Film Festival,,Santa Maria da Feira,Brésil,Version française film de Maya Werneck Da-Rin |code:411,,
Prix spécial du jury ,,2012,,Cutlog,Gala,,Paris,France,Plastic and glass film de Tessa Joosse |code:284,,
Mention spéciale du jury,,2012,Milano Film Festival - Milan (IT) |code:1076,,Film Festival,,Milan,Italie,Fireworks film de Giacomo Abbruzzese |code:380,,
Best political documentary ,,2012,,Couch Fest Film,Wordwide film festival,,,,Manque de preuves film de Hayoun Kwon |code:396,,
Best experimental work ,,2012,,Annual Bushwick,Film Festival,,Brooklyn,Etats-Unis,Naufrage film de Clorinde Durand |code:254,,
Prix de l'œuvre numérique,,2012,,Scam*,Gala,,Paris,France,Manque de preuves film de Hayoun Kwon |code:396,,
Prix spécial du jury ,,2012,,Cutlog Paris ,Gala,,Paris,France,Brises film de Enrique Ramirez |code:238,,
Prix Médiatine,,2012,,Prix Médiatine,Prix annuel ,Centre Wallonie Bruxelles,Bruxelles,Belgique,Cabinet d'affects installation de Emmanuel Van Der Auwera |code:372,,
Meilleur film,,2011,,Brecht Festival,Film Festival,,Augsburg,Allemagne,Plastic and glass film de Tessa Joosse |code:284,,
No violence Award,,2011,Ann Arbor - Ann Arbor (US) |code:1034,,Film Festival,,Ann Arbor,Etats-Unis,Atlantiques film de Mati Diop |code:282,,
Meilleur court-métrage,,2011,Bafici - Buenos Aires (AR) |code:1056,,Film Festival,,Buenos Aires,Argentine,El juego film de Benjamin Naishtat |code:347,,
Prix de la ville,,2011,Oberhausen - Oberhausen (DE) |code:1060,,Film Festival,,Oberhausen,Allemagne,Sans titre film de Neïl Beloufa |code:332,,
Prix du jury ,,2011,CôTé Court - Pantin (FR) |code:1071,,Short Film Festival,,Pantin,France,Bobok film de Simon Leibovitz-Grzeszczak |code:343,,
CER des cheminots du Nord-pas -de-Calais,,2011,,L'Acharnière,Film Festival,,Lille,France,Toujours moins film de Luc Moullet |code:375,,
Mention spéciale,,2011,,Summer Corto café Festival,Film Festival,,Tarente,Italie,La mécanique de la grive film de Rossella Piccinno |code:348,,
Grand Prix,,2011,25 Fps - Zagreb (HR) |code:1097,,Experimental Film Festival,,Zagreb,Croatie,Manque de preuves film de Hayoun Kwon |code:396,,
Barcelona vidéodance,,2011,,IDN,Multimedia festival,,Barcelone,Espagne,Continuum film de Manon Le Roy |code:290,,
K3 jury award,,2011,,K3,Film Festival,,Vienne,Autriche ,Phone tapping film de Hee Won Lee |code:286,,
Prix Analix Forever,,2011,,Analix Forever,Prix annuel ,,Chêne-Bourg,France,858 pages plus au sud film de Grégory Buchert |code:416,,
Prix professionnel,,2011,,Artcourtvidéo,Short Film Festival,,Arles,France,Generatia de sacrificiu film de Jean-Christophe  |code:388,,
Prix talent d'argent,,2011,,Fondation Schneider,Prix annuel ,Fondation Schneider,Wattwiller,France,Le cours des cours installation de Bertrand Rigaux |code:135,,
Mention spéciale (mise en scène),,2011,,Etiuda,Film Festival,,Krakowie,Pologne,Le jour où le fils de Raïner s’est noyé film de Aurélien Vernhes-Lermusiaux |code:409,,
3ème prix Forward thinking museum,,2011,,Forward thinking museum,Prix annuel ,,,Pays Bas,Concrete mirrors installation de David De Beyter |code:356,,
Best visual-aural interaction,,2011,,Madatac,Film Festival,,Madrid,Espagne,Phone tapping film de Hee Won Lee |code:286,,
Second Pirx ,,2010,,Médiacity,Multimedia festival,,Ontario,Canada,Atlantiques film de Mati Diop |code:282,,
Tiger Short Award,,2010,Iffr - Rotterdam (NL) |code:1008,,Film Festival,,Rotterdam,Pays-Bas,Atlantiques film de Mati Diop |code:282,,
"Mention spéciale, prix lycéen",,2010,,Terra du Cinéma,Film Festival,,Tremblay,France,La mécanique de la grive film de Rossella Piccinno |code:348,,
Mention spéciale du prix Louis Marcorelles,,2010,Cinéma du réel -  () |code:1450,,International Documentary Film Festival,,Paris,France,Atlantiques film de Mati Diop |code:282,,
Prix Joris Ivens,premier film,2010,Cinéma du réel -  () |code:1450,,Film Festival,,Paris,France,La quemadura  film de René Ballesteros |code:278,,
Grand Prix ,,2010,,L'Acharnière,Film Festival,,Lille,France,Plastic and glass film de Tessa Joosse |code:284,,
Prix CER des cheminots,,2010,,L'Acharnière,Film Festival,,Lille,France,Plastic and glass film de Tessa Joosse |code:284,,
Mention spéciale du jury,long métrage,2010,,Cine B,Film Festival,,Santiago,Chili,La quemadura  film de René Ballesteros |code:278,,
Best experimental work ,,2010,,Santa-Cruz,Film Festival,,Santa-Cruz,Etats-Unis,Plastic and glass film de Tessa Joosse |code:284,,
Grand Prix,,2010,,Oslo Screen,Film Festival,,Oslo,Norvège,Planet A film de Momoko Seto |code:256,,
Meilleur film,italiana corti,2010,,Turin,Film Festival,,Turin,France,Archipel film de Giacomo Abbruzzese |code:327,,
Premio Avanti,,2010,,Turin,Film Festival,,Turin,France,Archipel film de Giacomo Abbruzzese |code:327,,
Grand Prix ,,2010,,Vidéogr@phie[s],Film Festival,,Liège,Belgique,Phone tapping film de Hee Won Lee |code:286,,
Coup de cœur du jury ,,2010,,Le Réel en vue,Film Festival,,Thionville,France,Plastic and glass film de Tessa Joosse |code:284,,
Meilleur court-métrage,,2010,,Valpolicella,Film Festival,,San Pietro in Cariano,Italie,La mécanique de la grive film de Rossella Piccinno |code:348,,
2ème prix Jeunes Talents concours,,2010,,Air France,Concours,,,,Les déplacements internes film de Jean-Christophe  |code:334,,
Grand Prix,,2010,,Documenta,International Documentary Film Festival,,Madrid,Espagne,La quemadura  film de René Ballesteros |code:278,,
Meilleur réalisateur,cinéma chilien ,2010,,SANFIC,Film Festival,,Santiago,Chili,La quemadura  film de René Ballesteros |code:278,,
1er prix jeunes talents,,2010,,Concours Air France,Concours,,,France,Phone tapping film de Hee Won Lee |code:286,,
Short film prize,,2010,,Environmental ,Film Festival,,Paris,France,Plastic and glass film de Tessa Joosse |code:284,,
Award of Hungarian student jury ,student-work section,2010,,Dialektus,International Documentary Film Festival,,Budapest,Hongrie,Plastic and glass film de Tessa Joosse |code:284,,
1er prix ,,2010,,Télésorbonne,Film Festival,,Paris,France,Plastic and glass film de Tessa Joosse |code:284,,
Prix OVNI,,2010,,Média festival,Film Festival,,Namur,Belgique,Vous êtes-vous déjà fait piquer par une abeille morte ? film de Jonathan Rubin |code:231,,
Diploma of merit,,2009,Tampere - Tampere (FI) |code:1029,,Film Festival,,Tampere,Finlande,Planet A film de Momoko Seto |code:256,,
1er prix,,2009,VidéOformes - Clermont-Ferrand (FR) |code:1027,,Film Festival,,Clermont-Ferrand,France,Naufrage film de Clorinde Durand |code:254,,
Prix du jury,,2009,,Panorama du cinéma du Maghreb,Film Festival,,Saint-Denis,France,Abena film de Amel Elkamel |code:240,,
Mention spéciale du jury,,2009,VidéOformes - Clermont-Ferrand (FR) |code:1027,,Film Festival,,Clermont-Ferrand,France,Coagulate film de Mihai Grecu |code:224,,
Prix Transfera video art,,2009,,Madatac,Film Festival,,Madrid,Espagne,Coagulate film de Mihai Grecu |code:224,,
Prix de l'institut des sciences et techniques de Valenciennes,,2009,,L'Acharnière,Film Festival,,Lille,France,Faire le mur film de Bertille Bak |code:250,,
Prix jeunes taletns,,2009,,L'Acharnière,Film Festival,,Lille,France,Faire le mur film de Bertille Bak |code:250,,
Exis Award,,2009,,Seoul,Experimental Film Festival,,Seoul ,Corée du Sud,Coagulate film de Mihai Grecu |code:224,,
Winner of esplora category,,2009,,Concorto,Film Festival,,Pontenure,Italie,Naufrage film de Clorinde Durand |code:254,,
Meilleur film,,2009,,Lebanese ,Film Festival,,Beyrouth,Liban,Un instant mon glamour film de Shirin Abu Shaqra |code:277,,
Under 35 award,,2009,InvidéO - Milan (IT) |code:1143,,Film Festival,,Milan,Italie,Naufrage film de Clorinde Durand |code:254,,
1er prix ,,2009,Busan - Busan (KR) |code:1113,,Film Festival,,Busan,Corée du Sud,Phone tapping film de Hee Won Lee |code:286,,
Mention spéciale meilleur montage,,2009,,Sur les pas de mon oncle ,Film Festival,,Saint-Maur,France,Ein schloss im meer (un château en mer) film de Bärbel Pfänder |code:253,,
Diploma of merit,,2009,,Mediaschool,Prix annuel ,,Lodz,Pologne,Plastic and glass film de Tessa Joosse |code:284,,
Prix canal+ cocotte minute,,2009,Festival EuropéEn Du Film Court De Brest - Brest (FR) |code:1134,,Short Film Festival,,Brest,France,Cantor dust man film de Sébastien Loghman |code:308,,
Prix du meilleur court-métrage expérimental,section internationale ,2009,,Aguilar de Campoo,Film Festival,,,Espagne,Phone tapping film de Hee Won Lee |code:286,,
Bobine d'Or,,2009,,Bobin'Lilles,Gala,L'Univers,Lille,France,Brises film de Enrique Ramirez |code:238,,
Excellence Award,,2009,,Tokyo Video,Film Festival,,Tokyo,Japon,Under construction film de Zhenchen Liu |code:212,,
Meilleure bande son,,2009,,Bobin'Lilles,Gala,L'Univers,Lille,France,Naufrage film de Clorinde Durand |code:254,,
Mention spéciale du jury ,,2009,,MiradasDoc,Film Festival,,Guia de Isora,Espagne,Under construction film de Zhenchen Liu |code:212,,
Best cinematography award,,2009,,Belgrade,Film Festival,,Belgrade,Serbie,Visités film de Clément Cogitore |code:220,,
Mention spéciale,,2009,,Film Essay Award,Prix annuel ,Université autonome de Barcelone,Barcelone,Espagne,Under construction film de Zhenchen Liu |code:212,,
Prix IBN,,2009,,Catania,Film Festival,,Catania,Italie,Naufrage film de Clorinde Durand |code:254,,
Prix de la création vidéo,,2008,VidéOformes - Clermont-Ferrand (FR) |code:1027,,Film Festival,,Clermont-Ferrand,France,Unlith film de Mihai Grecu |code:198,,
Prix de l'innovation,,2008,,L'Acharnière,Film Festival,,Lille,France,Under construction film de Zhenchen Liu |code:212,,
Prix Seccio Creacio,,2008,,Girona,Film Festival,,Gérone,Espagne,Naufrage film de Clorinde Durand |code:254,,
Diploma of merit,,2008,,Mediaschool,Film Festival,,Krakow,Pologne,Ein schloss im meer (un château en mer) film de Bärbel Pfänder |code:253,,
Silver Dinosaur,,2008,,Etiuda & Anima,Film Festival,,Krakow,Pologne,Ein schloss im meer (un château en mer) film de Bärbel Pfänder |code:253,,
Prix Scam* Jeune talent ,,2008,,E-Magiciens,Film Festival,,,France,Le corso film de Bertrand Dezoteux |code:248,,
Prix du jury étudiant,,2008,,Rencontres Henri Langlois,Film Festival,,Poitiers,France,Brises film de Enrique Ramirez |code:238,,
Prix spécial du jury,,2008,,Doc en court,International Documentary Film Festival,,Lyon,France,L'agnosie visuelle film de Guillaume Meigneux |code:189,,
1er prix du jury ,,2008,,Ex.Is,Film Festival,,Bilbao,Espagne,Entre un oeil et l'autre film de Laetitia Legros |code:196,,
Prix spécial du jury ,,2008,,Vendôme ,Film Festival,,Vendôme ,France,Visités film de Clément Cogitore |code:220,,
Mention spéciale,,2008,,Sleepwalkers,Short Film Festival,,,Estonie,Coagulate film de Mihai Grecu |code:224,,
Best video,,2008,,Oslo Screen,Film Festival,,Oslo,Norvège,Coagulate film de Mihai Grecu |code:224,,
Mention spéciale ,,2008,,Cine'Eco,Film Festival,,,Portugal,Under construction film de Zhenchen Liu |code:212,,
Grand Prix jeune public,,2008,,Cine'Eco,Film Festival,,,Portugal,Under construction film de Zhenchen Liu |code:212,,
Grand prix du jury ,,2008,,Cine'Eco,Film Festival,,,Portugal,Under construction film de Zhenchen Liu |code:212,,
Premier Prix,,2008,,COR-10,Film Festival,,,Espagne,Under construction film de Zhenchen Liu |code:212,,
Mention spéciale du jury ,,2008,Les éCrans Documentaires - Arcueil (FR) |code:1150,,Film Festival,,Arcueil,France,Under construction film de Zhenchen Liu |code:212,,
Premier Prix,,2008,,Four Film Festival,Film Festival,,,Italie,Under construction film de Zhenchen Liu |code:212,,
Mention spéciale,,2008,,Ourense,Film Festival,,,Espagne,Under construction film de Zhenchen Liu |code:212,,
Best experimental film,,2008,Sapporo Short Film Festival - Sapporo (JP) |code:1068,,Short Film Festival,,Sapporo,Japon,Under construction film de Zhenchen Liu |code:212,,
Golden olive award,,2008,,International Bunker ,Film Festival,,,Italie,Under construction film de Zhenchen Liu |code:212,,
Best documentary,,2008,,International student film festival,Film Festival,,Tel-Aviv,Israël,Under construction film de Zhenchen Liu |code:212,,
Best experimental film,,2008,Naoussa International Film Festival - Naoussa (GR) |code:1118,,Film Festival,,Naoussa,Grèce,Under construction film de Zhenchen Liu |code:212,,
Mention spéciale du jury ,,2008,,Non-Budget ,Film Festival,,,Cuba,Under construction film de Zhenchen Liu |code:212,,
Prix numérique,,2008,,Festival du cinéma européen,Film Festival,,Lille ,France,Under construction film de Zhenchen Liu |code:212,,
Prix expérimental ,,2008,,Aubagne,Film Festival,,Aubagne,France,Under construction film de Zhenchen Liu |code:212,,
Prix Marcel Duchamp,,2008,,FIAC,Gala,,Paris,France,,,
Mention spéciale,,2008,,Festival Vidéo d'Orléans,Film Festival,,Orléans,France,Under construction film de Zhenchen Liu |code:212,,
Grand prix expérimental ,,2007,25 Fps - Zagreb (HR) |code:1097,,Experimental Film Festival,,Zagreb,Croatie,La proiezione è cominciata film de Oleg Tcherny |code:160,,
Mention spéciale ,,2007,Chicago International Film Festival - Chicago (US) |code:1065,,Short Film Festival,,Chicago,Etats-Unis,Under construction film de Zhenchen Liu |code:212,,
Best picture award,,2007,,International student film festival,Film Festival,,Belgrade,Serbie,Under construction film de Zhenchen Liu |code:212,,
Mention spéciale pour la direction artisitique ,,2007,,Unimovie,Film Festival,,,Italie,Under construction film de Zhenchen Liu |code:212,,
Best short film,,2007,Sao Paulo International Short Film - Sao Paulo (BR) |code:1095,,Short Film Festival,,Sao Paulo,Brésil,Under construction film de Zhenchen Liu |code:212,,
Best documentary,,2007,,Santiago,Short Film Festival,,Santiago,Chili,Under construction film de Zhenchen Liu |code:212,,
Mention spéciale,,2007,,L'Alternativa,Film Festival,,Barcelone,Espagne,Under construction film de Zhenchen Liu |code:212,,
Prix du jury ,,2007,,TRUNK,Film Festival,,,Suède,Under construction film de Zhenchen Liu |code:212,,
Mention honorable,,2007,,Exground,Film Festival,,,Allemagne,Under construction film de Zhenchen Liu |code:212,,
Single-screen media gold award,,2007,,IFVA,Film Festival,,Hong-Kong,Chine,Métier à tisser musical installation de Kingsley N.G |code:98,,
Prix Découverte,,2007,,Rencontres d'Arles,photography festival,,Arles,France,,,
Prix du jury ,court-métrage,2007,,Lyon Asian,Film Festival,,Lyon,France,Under construction film de Zhenchen Liu |code:212,,
Prix IUP multisupports de l'Université Blaise Pascal,,2006,VidéOformes - Clermont-Ferrand (FR) |code:1027,,Film Festival,,Clermont-Ferrand,France,Ligne verte film de Laurent Mareschal |code:72,,
Mention spéciale photographie,,2006,,Rencontres internationales Henri Langlois ,Film Festival,,Poitiers,France,Yeux film de Roland Edzard |code:75,,
Christian-Berger prize,documentaire,2006,,Innsbrück,Film Festival,,Innsbrück,Autriche ,True love (part 1and 2) film de Teboho Edkins |code:96,,
Onda Curta Award,,2006,,Corta ! ,Short Film Festival,,Porto,Portugal,Ligne verte film de Laurent Mareschal |code:72,,
Mention spéciale du jury ,,2006,,Cinémages,Film Festival,,,France,Ligne verte film de Laurent Mareschal |code:72,,
Prix spécial du jury ,,2006,,Short shorts,Film Festival,,Tokyo,Japon,,,
1 er prix ,art-vidéo,2006,,Ingenio 400,Concours,,Madrid,Espagne,Ligne verte film de Laurent Mareschal |code:72,,
Prix de l'INA,,2005,,L'Acharnière,Film Festival,,Lille,France,,,
3 ème prix,,2005,,Black Maria,Film Festival,,New Jersey,Etats-Unis,Courant d'air film de Nora Martirosyan |code:1896,,
Best experimental film award,,2004,,Strange Screen,Film Festival,,Thessalonique,Grèce,Plus tard film de Eric Oriot |code:1274,,
Meilleur montage,,2003,,L'Acharnière,Film Festival,,Lille,France,Courant d'air film de Nora Martirosyan |code:1896,,
Mention spéciale ,,2003,,Cinéma Méditerranéen,Film Festival,,Montpellier,France,Courant d'air film de Nora Martirosyan |code:1896,,
Grand prix du court-métrage,,2003,,Entrevues,Film Festival,,Belfort,France,Courant d'air film de Nora Martirosyan |code:1896,,
Grand prix du film de recherche ,,1999,,Aubagne ,Film Festival,,Aubagne,France,Plus tard film de Eric Oriot |code:1274,,
