ID Event,type,mainevent,Titre,city,country,url,Concat,Modif
1360,FEST,1,25fps,Zagreb,HR,https://api.lefresnoy.net/admin/production/event/1360/,25fps - Zagreb (HR) |code:1360, 
1363,FEST,1,2Annas,Riga,LV,https://api.lefresnoy.net/admin/production/event/1363/,2Annas - Riga (LV) |code:1363, 
987,FEST,1,Acces,Pau,FR,https://api.lefresnoy.net/admin/production/event/987/,Acces - Pau (FR) |code:987,
1154,FEST,1,Alcine,Madrid,ESP,https://api.lefresnoy.net/admin/production/event/1154/,Alcine - Madrid (ESP) |code:1154,
1023,FEST,1,Anima,Bruxelles,BE,https://api.lefresnoy.net/admin/production/event/1023/,Anima - Bruxelles (BE) |code:1023,
1080,FEST,1,Animafest Zagreb,Zagreb,HR,https://api.lefresnoy.net/admin/production/event/1080/,Animafest Zagreb - Zagreb (HR) |code:1080, 
1088,FEST,1,Anima Mundi,Sao Paulo,BR,https://api.lefresnoy.net/admin/production/event/1088/,Anima Mundi - Sao Paulo (BR) |code:1088,
1034,FEST,1,Ann Arbor,Ann Arbor,US,https://api.lefresnoy.net/admin/production/event/1034/,Ann Arbor - Ann Arbor (US) |code:1034,
1100,FEST,1,Ars Electronica,Linz,AT,https://api.lefresnoy.net/admin/production/event/1100/,Ars Electronica - Linz (AT) |code:1100,
947,FEST,1,Audio Art,Cracovie,PL,https://api.lefresnoy.net/admin/production/event/947/,Audio Art - Cracovie (PL) |code:947,
980,FEST,1,Bains Numeriques,Enghien,FR,https://api.lefresnoy.net/admin/production/event/980/,Bains Numeriques - Enghien (FR) |code:980, 
1105,FEST,1,Belo Horizonte Film Festival,Belo Horizonte,BR,https://api.lefresnoy.net/admin/production/event/1105/,Belo Horizonte Film Festival - Belo Horizonte (BR) |code:1105, 
1017,FEST,1,Berlinale,Berlin,DE,https://api.lefresnoy.net/admin/production/event/1017/,Berlinale - Berlin (DE) |code:1017,
931,FEST,1,Berlinale Talent Campus,Berlin,DE,https://api.lefresnoy.net/admin/production/event/931/,Berlinale Talent Campus - Berlin (DE) |code:931, 
1030,FEST,1,Bieff,Bucarest,RO,https://api.lefresnoy.net/admin/production/event/1030/,Bieff - Bucarest (RO) |code:1030,
1141,FEST,1,Black Nights,Tallinn,EE,https://api.lefresnoy.net/admin/production/event/1141/,Black Nights - Tallinn (EE) |code:1141, 
1120,FEST,1,Bogota Short Film Fest,Bogota,CO,https://api.lefresnoy.net/admin/production/event/1120/,Bogota Short Film Fest - Bogota (CO) |code:1120,
1044,FEST,1,Buff,Malmo,SE,https://api.lefresnoy.net/admin/production/event/1044/,Buff - Malmo (SE) |code:1044,
1041,FEST,1,Ca Foscari,Venise,IT,https://api.lefresnoy.net/admin/production/event/1041/,Ca Foscari - Venise (IT) |code:1041,
1149,FEST,1,Camerimage,Bydgoszcz,PL,https://api.lefresnoy.net/admin/production/event/1149/,Camerimage - Bydgoszcz (PL) |code:1149,
1156,FEST,1,Chicago International Children'S Film Festival,Chicago,US,https://api.lefresnoy.net/admin/production/event/1156/,Chicago International Children'S Film Festival - Chicago (US) |code:1156,
1065,FEST,1,Chicago International Film Festival,Chicago,US,https://api.lefresnoy.net/admin/production/event/1065/,Chicago International Film Festival - Chicago (US) |code:1065,
1062,FEST,1,CinéFondation,Cannes,FR,https://api.lefresnoy.net/admin/production/event/1062/,CinéFondation - Cannes (FR) |code:1062, 
1084,FEST,1,Cinema Jove,Valence,ESP,https://api.lefresnoy.net/admin/production/event/1084/,Cinema Jove - Valence (ESP) |code:1084,
930,FEST,1,Cinemart,Rotterdam,NDL,https://api.lefresnoy.net/admin/production/event/930/,Cinemart - Rotterdam (NL) |code:930,
946,FEST,1,Citysonic,Mons,BE,https://api.lefresnoy.net/admin/production/event/946/,Citysonic - Mons (BE) |code:946, 
1467,FEST,1,Concours Air France, , ,https://api.lefresnoy.net/admin/production/event/1467/,Concours Air France -  () |code:1467, 
1479,FEST,1,Couch Fest Film,,,https://api.lefresnoy.net/admin/production/event/1479/,Couch Fest Film -  () |code:1479,
1040,FEST,1,Courtisane,Gand,BE,https://api.lefresnoy.net/admin/production/event/1040/,Courtisane - Gand (BE) |code:1040, 
1028,FEST,1,Cph Dox,Copenhague,DK,https://api.lefresnoy.net/admin/production/event/1028/,Cph Dox - Copenhague (DK) |code:1028,
1148,FEST,1,Csff,Shenzhen,CN,https://api.lefresnoy.net/admin/production/event/1148/,Csff - Shenzhen (CN) |code:1148, 
942,FEST,1,Curiositas,Gif-Sur-Yvette,FR,https://api.lefresnoy.net/admin/production/event/942/,Curiositas - Gif-Sur-Yvette (FR) |code:942, 
1146,FEST,1,Curta Cinema,Rio De Janeiro,BR,https://api.lefresnoy.net/admin/production/event/1146/,Curta Cinema - Rio De Janeiro (BR) |code:1146,
972,FEST,1,Digital Choc,Tokyo,JP,https://api.lefresnoy.net/admin/production/event/972/,Digital Choc - Tokyo (JP) |code:972,
1109,FEST,1,Doclisboa,Lisboa,PRT,https://api.lefresnoy.net/admin/production/event/1109/,Doclisboa - Lisboa (PT) |code:1109,
1066,FEST,1,Documenta,Madrid,ES,https://api.lefresnoy.net/admin/production/event/1066/,Documenta - Madrid (ES) |code:1066, 
922,FEST,1,Documenta,Kassel,DE,https://api.lefresnoy.net/admin/production/event/922/,Documenta - Kassel (DE) |code:922,
1110,FEST,1,Dok Leipzig,Leipzig,DE,https://api.lefresnoy.net/admin/production/event/1110/,Dok Leipzig - Leipzig (DE) |code:1110,
978,FEST,1,Donau,Krems,AT,https://api.lefresnoy.net/admin/production/event/978/,Donau - Krems (AT) |code:978,
944,FEST,1,E Fest,Carthage,TN,https://api.lefresnoy.net/admin/production/event/944/,E Fest - Carthage (TN) |code:944, 
977,FEST,1,Electropixel,Nantes,FR,https://api.lefresnoy.net/admin/production/event/977/,Electropixel - Nantes (FR) |code:977, 
973,FEST,1,Elevate,Graz,AT,https://api.lefresnoy.net/admin/production/event/973/,Elevate - Graz (AT) |code:973, 
955,FEST,1,Emaf,Osnabruck,DE,https://api.lefresnoy.net/admin/production/event/955/,Emaf - Osnabruck (DE) |code:955,
925,FEST,1,Experimenta,Grenoble,FR,https://api.lefresnoy.net/admin/production/event/925/,Experimenta - Grenoble (FR) |code:925,
1018,FEST,1,Fespaco,Ouagadougou,BF,https://api.lefresnoy.net/admin/production/event/1018/,Fespaco - Ouagadougou (BF) |code:1018,
1015,FEST,1,Festival De Clermont-Ferrand,Clermont-Ferrand,FR,https://api.lefresnoy.net/admin/production/event/1015/,Festival De Clermont-Ferrand - Clermont-Ferrand (FR) |code:1015, 
1091,FEST,1,Festival De Lussas,Lussas,FR,https://api.lefresnoy.net/admin/production/event/1091/,Festival De Lussas - Lussas (FR) |code:1091,
1115,FEST,1,Festival De Rio,Rio De Janeiro,BR,https://api.lefresnoy.net/admin/production/event/1115/,Festival De Rio - Rio De Janeiro (BR) |code:1115, 
1064,FEST,1,Festival De Vienne,Vienne,AT,https://api.lefresnoy.net/admin/production/event/1064/,Festival De Vienne - Vienne (AT) |code:1064, 
1127,FEST,1,Festival Entrevues,Belfort,FR,https://api.lefresnoy.net/admin/production/event/1127/,Festival Entrevues - Belfort (FR) |code:1127, 
1072,FEST,1,Festival Et Marché International Du Film D'Annecy,Annecy,FR,https://api.lefresnoy.net/admin/production/event/1072/,Festival Et Marché International Du Film D'Annecy - Annecy (FR) |code:1072,
1135,FEST,1,Festival Tous Courts,Aix-En-Provence,FR,https://api.lefresnoy.net/admin/production/event/1135/,Festival Tous Courts - Aix-En-Provence (FR) |code:1135,
1045,FEST,1,Ficg,Mexico City,MX,https://api.lefresnoy.net/admin/production/event/1045/,Ficg - Mexico City (MX) |code:1045, 
1020,FEST,1,Ficunam,Mexique,MX,https://api.lefresnoy.net/admin/production/event/1020/,Ficunam - Mexique (MX) |code:1020,
1157,FEST,1,Ficx,Gijon,ESP,https://api.lefresnoy.net/admin/production/event/1157/,Ficx - Gijon (ESP) |code:1157, 
1096,FEST,1,Fiff Namur,Namur,BE,https://api.lefresnoy.net/admin/production/event/1096/,Fiff Namur - Namur (BE) |code:1096, 
938,FEST,1,File ,Rio De Janeiro,BR,https://api.lefresnoy.net/admin/production/event/938/,File  - Rio De Janeiro (BR) |code:938,
1053,FEST,1,Film Fest Dresden,Dresden,DE,https://api.lefresnoy.net/admin/production/event/1053/,Film Fest Dresden - Dresden (DE) |code:1053,
1117,FEST,1,Film Fest Gent,Gand,BE,https://api.lefresnoy.net/admin/production/event/1117/,Film Fest Gent - Gand (BE) |code:1117, 
1026,FEST,1,Films De Femmes,CréTeil,FR,https://api.lefresnoy.net/admin/production/event/1026/,Films De Femmes - CréTeil (FR) |code:1026, 
1010,FEST,1,Fipa,Biarritz,FR,https://api.lefresnoy.net/admin/production/event/1010/,Fipa - Biarritz (FR) |code:1010,
1042,FEST,1,Fribourg International Film Festival,Fribourg,CHE,https://api.lefresnoy.net/admin/production/event/1042/,Fribourg International Film Festival - Fribourg (CH) |code:1042, 
961,FEST,1,Gamerz,Aix-En-Provence,FR,https://api.lefresnoy.net/admin/production/event/961/,Gamerz - Aix-En-Provence (FR) |code:961, 
958,FEST,1,Gogbot,Enschede,NDL,https://api.lefresnoy.net/admin/production/event/958/,Gogbot - Enschede (NL) |code:958,
1048,FEST,1,Go Short,Nijmegen,NDL,https://api.lefresnoy.net/admin/production/event/1048/,Go Short - Nijmegen (NL) |code:1048, 
1089,FEST,1,Guanajuato,Guanajuato,MX,https://api.lefresnoy.net/admin/production/event/1089/,Guanajuato - Guanajuato (MX) |code:1089,
1567,FEST,1,GZDOC,Guangzhou,CHN,https://api.lefresnoy.net/admin/production/event/1567/,GZDOC - Guangzhou (CHN) |code:1567, 
1159,FEST,1,Hkbu Student Film Festival,Hong Kong,CHN,https://api.lefresnoy.net/admin/production/event/1159/,Hkbu Student Film Festival - Hong Kong (CHN) |code:1159,
1052,FEST,1,Hot Docs,Toronto,CAN,https://api.lefresnoy.net/admin/production/event/1052/,Hot Docs - Toronto (CA) |code:1052, 
1132,FEST,1,Idfa,Amsterdam,NDL,https://api.lefresnoy.net/admin/production/event/1132/,Idfa - Amsterdam (NL) |code:1132, 
1008,FEST,1,Iffr,Rotterdam,NDL,https://api.lefresnoy.net/admin/production/event/1008/,Iffr - Rotterdam (NL) |code:1008, 
941,FEST,1,Imagen,Manizales,CO,https://api.lefresnoy.net/admin/production/event/941/,Imagen - Manizales (CO) |code:941, 
1126,FEST,1,Indiecork,Cork,IE,https://api.lefresnoy.net/admin/production/event/1126/,Indiecork - Cork (IE) |code:1126,
1059,FEST,1,IndieLisboa - Festival international du cinéma indépendant de Lisbonne,Lisboa,PRT,https://api.lefresnoy.net/admin/production/event/1059/,IndieLisboa - Festival international du cinéma indépendant de Lisbonne - Lisboa (PT) |code:1059,
915,FEST,1,International Film Festival Rotterdam: IFFR,Rotterdam,NDL,https://api.lefresnoy.net/admin/production/event/915/,International Film Festival Rotterdam: IFFR - Rotterdam (NL) |code:915, 
1102,FEST,1,International Short Film Festival In Drama,Drama,UK,https://api.lefresnoy.net/admin/production/event/1102/,International Short Film Festival In Drama - Drama (GR) |code:1102,
969,FEST,1,Japan Media,Tokyo,JP,https://api.lefresnoy.net/admin/production/event/969/,Japan Media - Tokyo (JP) |code:969,
1067,FEST,1,Jeonju Festival,Jeonju,KOR,https://api.lefresnoy.net/admin/production/event/1067/,Jeonju Festival - Jeonju (KR) |code:1067, 
1087,FEST,1,Jerusalem Film Festival,Jerusalem,IL,https://api.lefresnoy.net/admin/production/event/1087/,Jerusalem Film Festival - Jerusalem (IL) |code:1087,
1069,FEST,1,Kff,Cracovie,PL,https://api.lefresnoy.net/admin/production/event/1069/,Kff - Cracovie (PL) |code:1069,
990,FEST,1,Kikk,Namur,BE,https://api.lefresnoy.net/admin/production/event/990/,Kikk - Namur (BE) |code:990,
1073,FEST,1,Kurzfilm Festival Hamburg,Hamburg,DE,https://api.lefresnoy.net/admin/production/event/1073/,Kurzfilm Festival Hamburg - Hamburg (DEU) |code:1073, 
988,FEST,1,Lab 30,Augsburg,DE,https://api.lefresnoy.net/admin/production/event/988/,Lab 30 - Augsburg (DE) |code:988, 
993,FEST,1,Les Instants Video,Marseille,FR,https://api.lefresnoy.net/admin/production/event/993/,Les Instants Video - Marseille (FR) |code:993,
1160,FEST,1,Leuven International Short Film Festival,Louvain,BE,https://api.lefresnoy.net/admin/production/event/1160/,Leuven International Short Film Festival - Louvain (BE) |code:1160, 
951,FEST,1,Liquid Architecture,Sydney,AU,https://api.lefresnoy.net/admin/production/event/951/,Liquid Architecture - Sydney (AU) |code:951, 
996,FEST,1,Live Arts Week,Bologne,IT,https://api.lefresnoy.net/admin/production/event/996/,Live Arts Week - Bologne (IT) |code:996,
1092,FEST,1,Locarno,Locarno,CH,https://api.lefresnoy.net/admin/production/event/1092/,Locarno - Locarno (CH) |code:1092, 
1002,FEST,1,Loop,Barcelone,ESP,https://api.lefresnoy.net/admin/production/event/1002/,Loop - Barcelone (ESP) |code:1002,
997,FEST,1,Lpm,Rome,IT,https://api.lefresnoy.net/admin/production/event/997/,Lpm - Rome (IT) |code:997, 
949,FEST,1,Maintenant,Rennes,FR,https://api.lefresnoy.net/admin/production/event/949/,Maintenant - Rennes (FR) |code:949,
981,FEST,1,Manifeste,Paris,FR,https://api.lefresnoy.net/admin/production/event/981/,Manifeste - Paris (FR) |code:981, 
1129,FEST,1,Mar Del Plata,Buenos Aires,AR,https://api.lefresnoy.net/admin/production/event/1129/,Mar Del Plata - Buenos Aires (AR) |code:1129, 
1039,FEST,1,Mecal,Barcelone,ESP,https://api.lefresnoy.net/admin/production/event/1039/,Mecal - Barcelone (ESP) |code:1039,
989,FEST,1,Microwave,Hong-Kong,CHN,https://api.lefresnoy.net/admin/production/event/989/,Microwave - Hong-Kong (CHN) |code:989,
1093,FEST,1,Miff,Melbourne,AU,https://api.lefresnoy.net/admin/production/event/1093/,Miff - Melbourne (AU) |code:1093, 
1076,FEST,1,Milano Film Festival,Milan,IT,https://api.lefresnoy.net/admin/production/event/1076/,Milano Film Festival - Milan (IT) |code:1076,
979,FEST,1,Mira,Berlin,DE,https://api.lefresnoy.net/admin/production/event/979/,Mira - Berlin (DE) |code:979, 
968,FEST,1,Mirage,Lyon,FR,https://api.lefresnoy.net/admin/production/event/968/,Mirage - Lyon (FR) |code:968, 
1123,FEST,1,Morelia,Morelia,MX,https://api.lefresnoy.net/admin/production/event/1123/,Morelia - Morelia (MX) |code:1123, 
1142,FEST,1,Mostra Di Venezia,Venise,IT,https://api.lefresnoy.net/admin/production/event/1142/,Mostra Di Venezia - Venise (IT) |code:1142,
1116,FEST,1,Mostra Internacional De Cinema,Sao Paulo,BR,https://api.lefresnoy.net/admin/production/event/1116/,Mostra Internacional De Cinema - Sao Paulo (BR) |code:1116, 
1130,FEST,1,Munich Filmfest,Munich,DE,https://api.lefresnoy.net/admin/production/event/1130/,Munich Filmfest - Munich (DE) |code:1130,
1070,FEST,1,Nahal Student Short Film Festival ,Teheran,IR,https://api.lefresnoy.net/admin/production/event/1070/,Nahal Student Short Film Festival  - Teheran (IR) |code:1070,
929,FEST,1,Nemo,Ile De France,FR,https://api.lefresnoy.net/admin/production/event/929/,Nemo - Ile De France (FR) |code:929,
1036,FEST,1,New Directors New Films,New-York,US,https://api.lefresnoy.net/admin/production/event/1036/,New Directors New Films - New-York (US) |code:1036, 
1001,FEST,1,Newimages,Paris,FR,https://api.lefresnoy.net/admin/production/event/1001/,Newimages - Paris (FR) |code:1001,
1024,FEST,1,New York International  Children'S Film Festival,New-York,US,https://api.lefresnoy.net/admin/production/event/1024/,New York International  Children'S Film Festival - New-York (US) |code:1024, 
1083,FEST,1,Next Festival Bucharest,Bucharest,RO,https://api.lefresnoy.net/admin/production/event/1083/,Next Festival Bucharest - Bucharest (RO) |code:1083,
982,FEST,1,Node,Francfort,DE,https://api.lefresnoy.net/admin/production/event/982/,Node - Francfort (DE) |code:982, 
1104,FEST,1,Nordisk Panorama,Malmo,SE,https://api.lefresnoy.net/admin/production/event/1104/,Nordisk Panorama - Malmo (SE) |code:1104, 
1082,FEST,1,Norwegian Short Film Festival ,Grimstad,NOR,https://api.lefresnoy.net/admin/production/event/1082/,Norwegian Short Film Festival  - Grimstad (NOR) |code:1082,
935,FEST,1,Nuit Blanche,Bruxelles,BE,https://api.lefresnoy.net/admin/production/event/935/,Nuit Blanche - Bruxelles (BE) |code:935, 
934,FEST,1,Nuit Blanche,Paris,FR,https://api.lefresnoy.net/admin/production/event/934/,Nuit Blanche - Paris (FR) |code:934,
1108,FEST,1,Nyff,New-York,US,https://api.lefresnoy.net/admin/production/event/1108/,Nyff - New-York (US) |code:1108,
1099,FEST,1,Odense International Film Festival,Odense,DK,https://api.lefresnoy.net/admin/production/event/1099/,Odense International Film Festival - Odense (DK) |code:1099,
1101,FEST,1,Off-Courts Trouville,Trouville,FR,https://api.lefresnoy.net/admin/production/event/1101/,Off-Courts Trouville - Trouville (FR) |code:1101, 
1000,FEST,1,Offf,Barcelone,ESP,https://api.lefresnoy.net/admin/production/event/1000/,Offf - Barcelone (ESP) |code:1000,
952,FEST,1,Ofni,Poitiers,FR,https://api.lefresnoy.net/admin/production/event/952/,Ofni - Poitiers (FR) |code:952, 
994,FEST,1,Oscura,Ganges,FR,https://api.lefresnoy.net/admin/production/event/994/,Oscura - Ganges (FR) |code:994, 
976,FEST,1,OsosphèRes,Strasbourg,FR,https://api.lefresnoy.net/admin/production/event/976/,OsosphèRes - Strasbourg (FR) |code:976, 
991,FEST,1,Piksel,Bergen,NOR,https://api.lefresnoy.net/admin/production/event/991/,Piksel - Bergen (NOR) |code:991,
940,FEST,1,Plumsfest,Moscou,RU,https://api.lefresnoy.net/admin/production/event/940/,Plumsfest - Moscou (RU) |code:940, 
1162,FEST,1,Poitiers Films Festival,Poitiers,FR,https://api.lefresnoy.net/admin/production/event/1162/,Poitiers Films Festival - Poitiers (FR) |code:1162,
1021,FEST,1,Porto Post Doc,Porto,US,https://api.lefresnoy.net/admin/production/event/1021/,Porto Post Doc - Porto (US) |code:1021, 
985,FEST,1,Praflows,Vienne,AT,https://api.lefresnoy.net/admin/production/event/985/,Praflows - Vienne (AT) |code:985,
1038,FEST,1,Punto De Vista,Navarra,ESP,https://api.lefresnoy.net/admin/production/event/1038/,Punto De Vista - Navarra (ESP) |code:1038,
1047,FEST,1,Regard,Saguenay,CAN,https://api.lefresnoy.net/admin/production/event/1047/,Regard - Saguenay (CAN) |code:1047, 
1032,FEST,1,Rencontres Internationales Paris/Berlin,Paris,FR,https://api.lefresnoy.net/admin/production/event/1032/,Rencontres Internationales Paris/Berlin - Paris (FR) |code:1032,
962,FEST,1,Reworks,Thessalonique,GRC,https://api.lefresnoy.net/admin/production/event/962/,Reworks - Thessalonique (GRC) |code:962,
943,FEST,1,Rhizome,Washington Dc,US,https://api.lefresnoy.net/admin/production/event/943/,Rhizome - Washington Dc (US) |code:943, 
950,FEST,1,Riam,Marseille,FR,https://api.lefresnoy.net/admin/production/event/950/,Riam - Marseille (FR) |code:950,
1133,FEST,1,Riff,Rome,IT,https://api.lefresnoy.net/admin/production/event/1133/,Riff - Rome (IT) |code:1133, 
963,FEST,1,Rokolectiv,Bucharest,RO,https://api.lefresnoy.net/admin/production/event/963/,Rokolectiv - Bucharest (RO) |code:963, 
1007,FEST,1,Salon De Montrouge,Montrouge,FR,https://api.lefresnoy.net/admin/production/event/1007/,Salon De Montrouge - Montrouge (FR) |code:1007,
1095,FEST,1,Sao Paulo International Short Film,Sao Paulo,BR,https://api.lefresnoy.net/admin/production/event/1095/,Sao Paulo International Short Film - Sao Paulo (BR) |code:1095,
1068,FEST,1,Sapporo Short Film Festival,Sapporo,JP,https://api.lefresnoy.net/admin/production/event/1068/,Sapporo Short Film Festival - Sapporo (JP) |code:1068,
1094,FEST,1,Sarajevo Film Fest,Sarajevo,BA,https://api.lefresnoy.net/admin/production/event/1094/,Sarajevo Film Fest - Sarajevo (BA) |code:1094,
983,FEST,1,Scopitone,Nantes,FR,https://api.lefresnoy.net/admin/production/event/983/,Scopitone - Nantes (FR) |code:983,
1022,FEST,1,Seattle International Film Festival,Seattle,US,https://api.lefresnoy.net/admin/production/event/1022/,Seattle International Film Festival - Seattle (US) |code:1022, 
1063,FEST,1,Semaine De La Critique,Cannes,FR,https://api.lefresnoy.net/admin/production/event/1063/,Semaine De La Critique - Cannes (FR) |code:1063,
956,FEST,1,Sensorium,Bratislava,SK,https://api.lefresnoy.net/admin/production/event/956/,Sensorium - Bratislava (SK) |code:956,
1158,FEST,1,Sgiff,Singapour,SG,https://api.lefresnoy.net/admin/production/event/1158/,Sgiff - Singapour (SG) |code:1158, 
1077,FEST,1,Sheffield Doc Fest,Sheffield,UK,https://api.lefresnoy.net/admin/production/event/1077/,Sheffield Doc Fest - Sheffield (UK) |code:1077,
1078,FEST,1,Short Short Film Festival And Asia,Tokyo,JP,https://api.lefresnoy.net/admin/production/event/1078/,Short Short Film Festival And Asia - Tokyo (JP) |code:1078,
1037,FEST,1,Short Waves,Poznan,PL,https://api.lefresnoy.net/admin/production/event/1037/,Short Waves - Poznan (PL) |code:1037, 
960,FEST,1,Sideration,Paris,FR,https://api.lefresnoy.net/admin/production/event/960/,Sideration - Paris (FR) |code:960,
1090,FEST,1,Siggraph,Los Angeles,US,https://api.lefresnoy.net/admin/production/event/1090/,Siggraph - Los Angeles (US) |code:1090, 
1242,FEST,1,Slamdance Film Festival,Park City,US,https://api.lefresnoy.net/admin/production/event/1242/,Slamdance Film Festival - Park City (US) |code:1242, 
1140,FEST,1,Sleepwalkers,Tallinn,EE,https://api.lefresnoy.net/admin/production/event/1140/,Sleepwalkers - Tallinn (EE) |code:1140,
957,FEST,1,Sonar,Barcelone,ESP,https://api.lefresnoy.net/admin/production/event/957/,Sonar - Barcelone (ESP) |code:957,
1119,FEST,1,Split Film Festival,Split,HR,https://api.lefresnoy.net/admin/production/event/1119/,Split Film Festival - Split (HR) |code:1119,
926,FEST,1,Strp,Eindhoven,NDL,https://api.lefresnoy.net/admin/production/event/926/,Strp - Eindhoven (NDL) |code:926, 
1025,FEST,1,Stuttgarter Filmwinter,Stuttgart,DE,https://api.lefresnoy.net/admin/production/event/1025/,Stuttgarter Filmwinter - Stuttgart (DE) |code:1025,
1058,FEST,1,Stuttgart Festival Of Animated Film,Stuttgart,DE,https://api.lefresnoy.net/admin/production/event/1058/,Stuttgart Festival Of Animated Film - Stuttgart (DE) |code:1058, 
1013,FEST,1,Sundance Film Festival,Sundance,US,https://api.lefresnoy.net/admin/production/event/1013/,Sundance Film Festival - Sundance (US) |code:1013, 
1035,FEST,1,Sxsw,Austin,US,https://api.lefresnoy.net/admin/production/event/1035/,Sxsw - Austin (US) |code:1035,
1085,FEST,1,Tau,Tel Aviv,IL,https://api.lefresnoy.net/admin/production/event/1085/,Tau - Tel Aviv (IL) |code:1085,
1152,FEST,1,Thessaloniki International Documentary Film Festival,Thessalonique,GRC,https://api.lefresnoy.net/admin/production/event/1152/,Thessaloniki International Documentary Film Festival - Thessalonique (GRC) |code:1152, 
924,FEST,1,The Wrong,Monde,FR,https://api.lefresnoy.net/admin/production/event/924/,The Wrong - Monde (FR) |code:924,
939,FEST,1,This Is Not Art,Newcastle,AU,https://api.lefresnoy.net/admin/production/event/939/,This Is Not Art - Newcastle (AU) |code:939, 
1098,FEST,1,Tiff,Toronto,CAN,https://api.lefresnoy.net/admin/production/event/1098/,Tiff - Toronto (CAN) |code:1098, 
986,FEST,1,Todays Art,La Haye,NDL,https://api.lefresnoy.net/admin/production/event/986/,Todays Art - La Haye (NDL) |code:986,
1144,FEST,1,Torino Film Festival,Turin,IT,https://api.lefresnoy.net/admin/production/event/1144/,Torino Film Festival - Turin (IT) |code:1144, 
932,FEST,1,Torinolab,Torino,IT,https://api.lefresnoy.net/admin/production/event/932/,Torinolab - Torino (IT) |code:932,
971,FEST,1,Transmediale,Berlin,DE,https://api.lefresnoy.net/admin/production/event/971/,Transmediale - Berlin (DE) |code:971,
966,FEST,1,TransnuméRiques,Louvain-La-Neuve,BE,https://api.lefresnoy.net/admin/production/event/966/,TransnuméRiques - Louvain-La-Neuve (BE) |code:966, 
953,FEST,1,Traverse Video,Toulouse,FR,https://api.lefresnoy.net/admin/production/event/953/,Traverse Video - Toulouse (FR) |code:953,
1055,FEST,1,Trento Film Festival,Trento,IT,https://api.lefresnoy.net/admin/production/event/1055/,Trento Film Festival - Trento (IT) |code:1055, 
1054,FEST,1,Tribeca,New-York,US,https://api.lefresnoy.net/admin/production/event/1054/,Tribeca - New-York (US) |code:1054,
1046,FEST,1,Tricky Women Film Festival,Vienne,AT,https://api.lefresnoy.net/admin/production/event/1046/,Tricky Women Film Festival - Vienne (AT) |code:1046, 
1014,FEST,1,Trieste Film Festival,Trieste,IT,https://api.lefresnoy.net/admin/production/event/1014/,Trieste Film Festival - Trieste (IT) |code:1014,
1043,FEST,1,True/False Film Fest,Columbia,US,https://api.lefresnoy.net/admin/production/event/1043/,True/False Film Fest - Columbia (US) |code:1043, 
1111,FEST,1,Uppsala,Uppsala,SE,https://api.lefresnoy.net/admin/production/event/1111/,Uppsala - Uppsala (SE) |code:1111, 
999,FEST,1,Via,Maubeuge,FR,https://api.lefresnoy.net/admin/production/event/999/,Via - Maubeuge (FR) |code:999, 
1114,FEST,1,VidéObrasil,Sao Paulo,BR,https://api.lefresnoy.net/admin/production/event/1114/,VidéObrasil - Sao Paulo (BR) |code:1114, 
1027,FEST,1,VidéOformes,Clermont-Ferrand,FR,https://api.lefresnoy.net/admin/production/event/1027/,VidéOformes - Clermont-Ferrand (FR) |code:1027,
1005,FEST,1,Villa Kujoyama,Kujoyama,JP,https://api.lefresnoy.net/admin/production/event/1005/,Villa Kujoyama - Kujoyama (JP) |code:1005, 
1004,FEST,1,Villa  VéLasquez,Madrid,ESP,https://api.lefresnoy.net/admin/production/event/1004/,Villa  VéLasquez - Madrid (ESP) |code:1004, 
970,FEST,1,Vision R,Paris,FR,https://api.lefresnoy.net/admin/production/event/970/,Vision R - Paris (FR) |code:970,
1074,FEST,1,Vis Vienna Shorts,Vienne,AT,https://api.lefresnoy.net/admin/production/event/1074/,Vis Vienna Shorts - Vienne (AT) |code:1074,
998,FEST,1,Voix Off Arles,Arles,FR,https://api.lefresnoy.net/admin/production/event/998/,Voix Off Arles - Arles (FR) |code:998, 
1016,FEST,1,Wavelenght,Toronto,CAN,https://api.lefresnoy.net/admin/production/event/1016/,Wavelenght - Toronto (CAN) |code:1016, 
1125,FEST,1,Wff,Varsovie,PL,https://api.lefresnoy.net/admin/production/event/1125/,Wff - Varsovie (PL) |code:1125,
927,FEST,1,Wro,Wroclaw,PL,https://api.lefresnoy.net/admin/production/event/927/,Wro - Wroclaw (PL) |code:927, 
1155,FEST,1,Zinebi,Bilbao,ESP,https://api.lefresnoy.net/admin/production/event/1155/,Zinebi - Bilbao (ESP) |code:1155, 
